{
  "0": {
    "constant": {
      "0.0": {
        "0": [
          0.0,
          5.102510434849977
        ],
        "1": [
          0.0,
          5.102510434849977
        ],
        "2": [
          0.0,
          5.102510434849977
        ],
        "3": [
          0.0,
          5.102510434849977
        ]
      },
      "1.0": {
        "0": [
          0.000135216799632604,
          4.959981720346139
        ],
        "1": [
          0.000135216799632604,
          4.959981720346139
        ],
        "2": [
          0.000135216799632604,
          4.959981720346139
        ],
        "3": [
          0.000135216799632604,
          4.959981720346139
        ]
      },
      "2.0": {
        "0": [
          0.0002691050243096812,
          4.959981720346139
        ],
        "1": [
          0.0002691050243096812,
          4.959981720346139
        ],
        "2": [
          0.0002691050243096812,
          4.959981720346139
        ],
        "3": [
          0.0002691050243096812,
          4.959981720346139
        ]
      },
      "3.0": {
        "0": [
          0.0004016905629022399,
          4.959981720346139
        ],
        "1": [
          0.0004016905629022399,
          4.959981720346139
        ],
        "2": [
          0.0004016905629022399,
          4.959981720346139
        ],
        "3": [
          0.0004016905629022399,
          4.959981720346139
        ]
      },
      "4.0": {
        "0": [
          0.0005329985545305826,
          4.959981720346139
        ],
        "1": [
          0.0005329985545305826,
          4.959981720346139
        ],
        "2": [
          0.0005329985545305826,
          4.959981720346139
        ],
        "3": [
          0.0005329985545305826,
          4.959981720346139
        ]
      },
      "5.0": {
        "0": [
          0.0006630534172475328,
          4.959981720346139
        ],
        "1": [
          0.0006630534172475328,
          4.959981720346139
        ],
        "2": [
          0.0006630534172475328,
          4.959981720346139
        ],
        "3": [
          0.0006630534172475328,
          4.959981720346139
        ]
      },
      "6.0": {
        "0": [
          0.0007918788753537993,
          4.959981720346139
        ],
        "1": [
          0.0007918788753537993,
          4.959981720346139
        ],
        "2": [
          0.0007918788753537993,
          4.959981720346139
        ],
        "3": [
          0.0007918788753537993,
          4.959981720346139
        ]
      },
      "7.0": {
        "0": [
          0.0009194979854468033,
          4.959981720346139
        ],
        "1": [
          0.0009194979854468033,
          4.959981720346139
        ],
        "2": [
          0.0009194979854468033,
          4.959981720346139
        ],
        "3": [
          0.0009194979854468033,
          4.959981720346139
        ]
      },
      "8.0": {
        "0": [
          0.0010459331612382098,
          4.959981720346139
        ],
        "1": [
          0.0010459331612382098,
          4.959981720346139
        ],
        "2": [
          0.0010459331612382098,
          4.959981720346139
        ],
        "3": [
          0.0010459331612382098,
          4.959981720346139
        ]
      },
      "9.0": {
        "0": [
          0.0011712061972525025,
          4.959981720346139
        ],
        "1": [
          0.0011712061972525025,
          4.959981720346139
        ],
        "2": [
          0.0011712061972525025,
          4.959981720346139
        ],
        "3": [
          0.0011712061972525025,
          4.959981720346139
        ]
      },
      "10.0": {
        "0": [
          0.0012953382914209146,
          4.959981720346139
        ],
        "1": [
          0.0012953382914209146,
          4.959981720346139
        ],
        "2": [
          0.0012953382914209146,
          4.959981720346139
        ],
        "3": [
          0.0012953382914209146,
          4.959981720346139
        ]
      }
    },
    "V": {
      "0.0": {
        "0": [
          0.0,
          4.603584373404788
        ],
        "1": [
          0.0,
          4.603584373404788
        ],
        "2": [
          0.0,
          4.603584373404788
        ],
        "3": [
          0.0,
          4.603584373404788
        ]
      },
      "1.0": {
        "0": [
          0.00012416523798386927,
          4.5545916807361095
        ],
        "1": [
          0.00012416523798386927,
          4.5545916807361095
        ],
        "2": [
          0.00012416523798386927,
          4.5545916807361095
        ],
        "3": [
          0.00012416523798386927,
          4.5545916807361095
        ]
      },
      "2.0": {
        "0": [
          0.0002471104883184184,
          4.5545916807361095
        ],
        "1": [
          0.0002471104883184184,
          4.5545916807361095
        ],
        "2": [
          0.0002471104883184184,
          4.5545916807361095
        ],
        "3": [
          0.0002471104883184184,
          4.5545916807361095
        ]
      },
      "3.0": {
        "0": [
          0.00036885952392120316,
          4.5545916807361095
        ],
        "1": [
          0.00036885952392120316,
          4.5545916807361095
        ],
        "2": [
          0.00036885952392120316,
          4.5545916807361095
        ],
        "3": [
          0.00036885952392120316,
          4.5545916807361095
        ]
      },
      "4.0": {
        "0": [
          0.000489435429237822,
          4.5545916807361095
        ],
        "1": [
          0.000489435429237822,
          4.5545916807361095
        ],
        "2": [
          0.000489435429237822,
          4.5545916807361095
        ],
        "3": [
          0.000489435429237822,
          4.5545916807361095
        ]
      },
      "5.0": {
        "0": [
          0.0006088606265808001,
          4.5545916807361095
        ],
        "1": [
          0.0006088606265808001,
          4.5545916807361095
        ],
        "2": [
          0.0006088606265808001,
          4.5545916807361095
        ],
        "3": [
          0.0006088606265808001,
          4.5545916807361095
        ]
      },
      "6.0": {
        "0": [
          0.0007271569012124069,
          4.5545916807361095
        ],
        "1": [
          0.0007271569012124069,
          4.5545916807361095
        ],
        "2": [
          0.0007271569012124069,
          4.5545916807361095
        ],
        "3": [
          0.0007271569012124069,
          4.5545916807361095
        ]
      },
      "7.0": {
        "0": [
          0.0008443454252644631,
          4.5545916807361095
        ],
        "1": [
          0.0008443454252644631,
          4.5545916807361095
        ],
        "2": [
          0.0008443454252644631,
          4.5545916807361095
        ],
        "3": [
          0.0008443454252644631,
          4.5545916807361095
        ]
      },
      "8.0": {
        "0": [
          0.0009604467805274745,
          4.5545916807361095
        ],
        "1": [
          0.0009604467805274745,
          4.5545916807361095
        ],
        "2": [
          0.0009604467805274745,
          4.5545916807361095
        ],
        "3": [
          0.0009604467805274745,
          4.5545916807361095
        ]
      },
      "9.0": {
        "0": [
          0.0010754809802122742,
          4.5545916807361095
        ],
        "1": [
          0.0010754809802122742,
          4.5545916807361095
        ],
        "2": [
          0.0010754809802122742,
          4.5545916807361095
        ],
        "3": [
          0.0010754809802122742,
          4.5545916807361095
        ]
      },
      "10.0": {
        "0": [
          0.0011894674896973025,
          4.5545916807361095
        ],
        "1": [
          0.0011894674896973025,
          4.5545916807361095
        ],