{
  "0": {
    "constant": {
      "0.0": {
        "0": [
          0.0005103186727845,
          51.496683849918995
        ],
        "1": [
          0.001020637345569,
          24.274942332251992
        ],
        "2": [
          0.002041274691138,
          18.930214263918998
        ],
        "3": [
          0.0028505311213074002,
          14.900121141851992
        ]
      },
      "1.0": {
        "0": [
          0.0014131046099699826,
          33.115720516918984
        ],
        "1": [
          0.0016411272390138704,
          22.760622478184988
        ],
        "2": [
          0.0024507736086002156,
          15.021115354251991
        ],
        "3": [
          0.0031810730512923722,
          12.124839036184994
        ]
      },
      "2.0": {
        "0": [
          0.0022448091637386636,
          22.563197607551988
        ],
        "1": [
          0.0022448091637386636,
          22.563197607551988
        ],
        "2": [
          0.002856248987511498,
          15.021115354251991
        ],
        "3": [
          0.00349944159818934,
          11.960327057184998
        ]
      },
      "3.0": {
        "0": [
          0.002836026305471416,
          22.416000991851984
        ],
        "1": [
          0.0028479472146101157,
          22.563197607551988
        ],
        "2": [
          0.0032495837677749303,
          14.919919674851988
        ],
        "3": [
          0.0038191537451343787,
          11.960327057184998
        ]
      },
      "4.0": {
        "0": [
          0.0033645014177512687,
          17.062619752218993
        ],
        "1": [
          0.003362934113896741,
          17.048034724919003
        ],
        "2": [
          0.0036445660072708264,
          14.919919674851988
        ],
        "3": [
          0.004135785259854457,
          11.960327057184998
        ]
      },
      "5.0": {
        "0": [
          0.00381466908084077,
          17.083352185218995
        ],
        "1": [
          0.0038099478209529837,
          17.048034724919003
        ],
        "2": [
          0.004025038696274914,
          13.721474107851993
        ],
        "3": [
          0.004449395023191136,
          11.960327057184998
        ]
      },
      "6.0": {
        "0": [
          0.004256045928512585,
          17.068767157919
        ],
        "1": [
          0.004256045928512585,
          17.068767157919
        ],
        "2": [
          0.004381426136290312,
          13.721474107851993
        ],
        "3": [
          0.004760040243096324,
          11.960327057184998
        ]
      },
      "7.0": {
        "0": [
          0.004691377662870414,
          17.048034724919003
        ],
        "1": [
          0.004692101775210655,
          14.299165510851994
        ],
        "2": [
          0.004734476291218311,
          13.721474107851993
        ],
        "3": [
          0.005067776517445478,
          11.960327057184998
        ]
      },
      "8.0": {
        "0": [
          0.005060974554865807,
          14.319897943851995
        ],
        "1": [
          0.005056602615530043,
          14.299165510851994
        ],
        "2": [
          0.005084251167167334,
          13.721474107851993
        ],
        "3": [
          0.005372657893881752,
          11.960327057184998
        ]
      },
      "9.0": {
        "0": [
          0.005417753115070655,
          14.299165510851994
        ],
        "1": [
          0.005417753115070655,
          14.299165510851994
        ],
        "2": [
          0.005430811057303821,
          13.721474107851993
        ],
        "3": [
          0.005673439332060624,
          11.059647462184994
        ]
      },
      "10.0": {
        "0": [
          0.005775614385494636,
          14.299165510851994
        ],
        "1": [
          0.005776954163566902,
          12.350233690851997
        ],
        "2": [
          0.005776954163566902,
          12.350233690851997
        ],
        "3": [
          0.005950226077990323,
          11.059647462184994
        ]
      }
    },
    "V": {
      "0.0": {
        "0": [
          0.000360849794092,
          60.06818526058957
        ],
        "1": [
          0.001020637345569,
          24.414924339589575
        ],
        "2": [
          0.0015309560183535001,
          16.345269770589564
        ],
        "3": [
          0.0021907435698304,
          13.170518940689563
        ]
      },
      "1.0": {
        "0": [
          0.0013385707234796701,
          30.381691050589563
        ],
        "1": [
          0.0016070219081519242,
          21.509581053589564
        ],
        "2": [
          0.00197655344030457,
          16.345269770589564
        ],
        "3": [
          0.0025497923569167288,
          13.170518940689563
        ]
      },
      "2.0": {
        "0": [
          0.0021585560858350134,
          30.37931922858957
        ],
        "1": [
          0.0021741669561497015,
          21.261162986589568
        ],
        "2": [
          0.002414810425746222,
          16.29067207258956
        ],
        "3": [
          0.00289977538519306,
          13.068447355689559
        ]
      },
      "3.0": {
        "0": [
          0.0027425002494192658,
          21.261162986589568
        ],
        "1": [
          0.0027425002494192658,
          21.261162986589568
        ],
        "2": [
          0.0028393706966791557,
          16.15600038058956
        ],
        "3": [
          0.003253497966425354,
          13.12264431168956
        ]
      },
      "4.0": {
        "0": [
          0.003250706682489708,
          16.003667899589566
        ],
        "1": [
          0.003250706682489708,
          16.003667899589566
        ],
        "2": [
          0.0032670762976937315,
          16.15600038058956
        ],
        "3": [
          0.0035950760741154087,
          13.068447355689559
        ]
      },
      "5.0": {
        "0": [
          0.003670336219250085,
          16.003667899589566
        ],
        "1": [
          0.003670336219250085,
          16.003667899589566
        ],
        "2": [
          0.003690700119316595,
          16.15600038058956
        ],
        "3": [
          0.00393774167705422,
          13.068447355689559
        ]
      },
      "6.0": {
        "0": [
          0.004085999010926926,
          16.003667899589566
        ],
        "1": [
          0.004085999010926926,
          16.003667899589566
        ],
        "2": [
          0.004110319438004166,
          16.15600038058956
        ],
        "3": [
          0.004278985481394641,
          13.07983080668956
        ]
      },
      "7.0": {
        "0": [
          0.0044977694509653774,
          16.003667899589566
        ],
        "1": [
          0.0044977694509653774,
          16.003667899589566
        ],
        "2": [
          0.004514596282952411,
          13.34166042568956
        ],
        "3": [
          0.004613416009767452,
          13.068447355689559
        ]
      },
      "8.0": {
        "0": [
          0.00485128009569475,
          13.32549340358956
        ],
        "1": [
          0.004854689306753635,
          13.34166042568956
        ],
        "2": [
          0.004854689306753635,
          13.34166042568956
        ],
        "3": [
          0.004946544543681089,
          13.068447355689559
        ]
      },
      "9.0": {
        "0": [
          0.005191656336317857,
          13.34166042568956
        ],
        "1": [
          0.005187838798765857,
          13.32549340358956
        ],
        "2": [
          0.005187838798765857,
          13.32549340358956
        ],
        "3": [
          0.0052792990854624135,
          13.07983080668956
        ]
      },
      "10.0": {
        "0": [
          0.005525554391129458,
          13.34166042568956
        ],