{
  "0": {
    "constant": {
      "0.0": {
        "0": [
          0.0,
          6.1296316500585
        ],
        "1": [
          0.0,
          6.1296316500585
        ],
        "2": [
          0.0,
          6.1296316500585
        ],
        "3": [
          0.0,
          6.1296316500585
        ]
      },
      "1.0": {
        "0": [
          0.00016461904339481312,
          6.038505927352694
        ],
        "1": [
          0.00016461904339481312,
          6.038505927352696
        ],
        "2": [
          0.00016461904339481312,
          6.038505927352696
        ],
        "3": [
          0.00016461904339481312,
          6.038505927352696
        ]
      },
      "2.0": {
        "0": [
          0.00032762061958990454,
          6.038505927352694
        ],
        "1": [
          0.00032762061958990454,
          6.038505927352696
        ],
        "2": [
          0.00032762061958990454,
          6.038505927352696
        ],
        "3": [
          0.00032762061958990454,
          6.038505927352696
        ]
      },
      "3.0": {
        "0": [
          0.0004890362468669625,
          6.038505927352694
        ],
        "1": [
          0.0004890362468669624,
          6.038505927352696
        ],
        "2": [
          0.0004890362468669625,
          6.038505927352696
        ],
        "3": [
          0.0004890362468669625,
          6.038505927352696
        ]
      },
      "4.0": {
        "0": [
          0.0006488965307272817,
          6.038505927352694
        ],
        "1": [
          0.0006488965307272817,
          6.038505927352696
        ],
        "2": [
          0.0006488965307272817,
          6.038505927352696
        ],
        "3": [
          0.0006488965307272817,
          6.038505927352696
        ]
      },
      "5.0": {
        "0": [
          0.0008072311988120138,
          6.038505927352694
        ],
        "1": [
          0.0008072311988120138,
          6.038505927352696
        ],
        "2": [
          0.0008072311988120138,
          6.038505927352696
        ],
        "3": [
          0.0008072311988120138,
          6.038505927352696
        ]
      },
      "6.0": {
        "0": [
          0.0009640691341571323,
          6.038505927352694
        ],
        "1": [
          0.0009640691341571323,
          6.038505927352696
        ],
        "2": [
          0.0009640691341571323,
          6.038505927352696
        ],
        "3": [
          0.0009640691341571323,
          6.038505927352696
        ]
      },
      "7.0": {
        "0": [
          0.0011194384069064488,
          6.038505927352694
        ],
        "1": [
          0.0011194384069064488,
          6.038505927352696
        ],
        "2": [
          0.0011194384069064488,
          6.038505927352696
        ],
        "3": [
          0.0011194384069064488,
          6.038505927352696
        ]
      },
      "8.0": {
        "0": [
          0.001273366304525597,
          6.038505927352694
        ],
        "1": [
          0.001273366304525597,
          6.038505927352696
        ],
        "2": [
          0.001273366304525597,
          6.038505927352696
        ],
        "3": [
          0.001273366304525597,
          6.038505927352696
        ]
      },
      "9.0": {
        "0": [
          0.0014258793606537522,
          6.038505927352694
        ],
        "1": [
          0.001425879360653752,
          6.038505927352696
        ],
        "2": [
          0.001425879360653752,
          6.038505927352696
        ],
        "3": [
          0.001425879360653752,
          6.038505927352696
        ]
      },
      "10.0": {
        "0": [
          0.0015770033826105006,
          6.038505927352694
        ],
        "1": [
          0.0015770033826105006,
          6.038505927352696
        ],
        "2": [
          0.0015770033826105006,
          6.038505927352696
        ],
        "3": [
          0.0015770033826105006,
          6.038505927352696
        ]
      }
    },
    "V": {
      "0.0": {
        "0": [
          0.0,
          5.79497358077374
        ],
        "1": [
          0.0,
          5.79497358077374
        ],
        "2": [
          0.0,
          5.79497358077374
        ],
        "3": [
          0.0,
          5.79497358077374
        ]
      },
      "1.0": {
        "0": [
          0.00015446827723351132,
          5.666158595184177
        ],
        "1": [
          0.00015446827723351135,
          5.666158595184177
        ],
        "2": [
          0.00015446827723351132,
          5.666158595184177
        ],
        "3": [
          0.00015446827723351132,
          5.666158595184177
        ]
      },
      "2.0": {
        "0": [
          0.00030741882379218497,
          5.666158595184177
        ],
        "1": [
          0.0003074188237921849,
          5.666158595184177
        ],
        "2": [
          0.0003074188237921849,
          5.666158595184177
        ],
        "3": [
          0.0003074188237921849,
          5.666158595184177
        ]
      },
      "3.0": {
        "0": [
          0.0004588812144723108,
          5.666158595184177
        ],
        "1": [
          0.0004588812144723108,
          5.666158595184177
        ],
        "2": [
          0.0004588812144723108,
          5.666158595184177
        ],
        "3": [
          0.0004588812144723108,
          5.666158595184177
        ]
      },
      "4.0": {
        "0": [
          0.0006088841675737963,
          5.666158595184177
        ],
        "1": [
          0.0006088841675737963,
          5.666158595184177
        ],
        "2": [
          0.0006088841675737963,
          5.666158595184177
        ],
        "3": [
          0.0006088841675737963,
          5.666158595184177
        ]
      },
      "5.0": {
        "0": [
          0.0007574555776671626,
          5.666158595184177
        ],
        "1": [
          0.0007574555776671626,
          5.666158595184177
        ],
        "2": [
          0.0007574555776671626,
          5.666158595184177
        ],
        "3": [
          0.0007574555776671626,
          5.666158595184177
        ]
      },
      "6.0": {
        "0": [
          0.0009046225467979319,
          5.666158595184177
        ],
        "1": [
          0.0009046225467979319,
          5.666158595184177
        ],
        "2": [
          0.0009046225467979319,
          5.666158595184177
        ],
        "3": [
          0.0009046225467979319,
          5.666158595184177
        ]
      },
      "7.0": {
        "0": [
          0.0010504114142441537,
          5.666158595184177
        ],
        "1": [
          0.0010504114142441537,
          5.666158595184177
        ],
        "2": [
          0.0010504114142441537,
          5.666158595184177
        ],
        "3": [
          0.0010504114142441535,
          5.666158595184177
        ]
      },
      "8.0": {
        "0": [
          0.0011948477848673326,
          5.666158595184177
        ],
        "1": [
          0.0011948477848673326,
          5.666158595184177
        ],
        "2": [
          0.0011948477848673326,
          5.666158595184177
        ],
        "3": [
          0.0011948477848673326,
          5.666158595184177
        ]
      },
      "9.0": {
        "0": [
          0.0013379565561850754,
          5.666158595184177
        ],
        "1": [
          0.0013379565561850754,
          5.666158595184177
        ],
        "2": [
          0.0013379565561850754,
          5.666158595184177
        ],
        "3": [
          0.0013379565561850754,
          5.666158595184177
        ]
      },
      "10.0": {
        "0": [
          0.0014797619441818425,
          5.666158595184177
        ],
        "1": [
          0.0014797619441818425,
          5.666158595184177
        ],
        "2": [
          0.0014797619441818425,
          5.666158595184177
        ],