{
  "_meta": {
    "total_runtime_seconds": 118.70321226119995
  },
  "0": {
    "0.0": {
      "0": [
        0.0005103186727845,
        63.84615384615382
      ],
      "1": [
        0.0005103186727845,
        36.153846153845414
      ],
      "2": [
        0.001020637345569,
        32.15384615384612
      ],
      "3": [
        0.0015309560183535001,
        21.564102564102573
      ],
      "4": [
        0.002041274691138,
        17.57692307692313
      ]
    },
    "1.0": {
      "0": [
        0.0013952705918438967,
        32.461538461537955
      ],
      "1": [
        0.0013952705918438943,
        32.46153846153789
      ],
      "2": [
        0.0016287796596145508,
        22.307692307691745
      ],
      "3": [
        0.0020048876148165925,
        17.38461538461521
      ],
      "4": [
        0.0024145482494142387,
        13.692307692307628
      ]
    },
    "2.0": {
      "0": [
        0.0022309466610507434,
        22.307692307691084
      ],
      "1": [
        0.0022309466610507555,
        22.307692307691312
      ],
      "2": [
        0.0022309466610507703,
        22.307692307691568
      ],
      "3": [
        0.002474162588349607,
        17.384615384614236
      ],
      "4": [
        0.002784154202019925,
        13.692307692307509
      ]
    },
    "3.0": {
      "0": [
        0.002827254785985897,
        22.30769230769092
      ],
      "1": [
        0.002827254785985916,
        22.307692307691152
      ],
      "2": [
        0.002827254785985947,
        22.307692307691546
      ],
      "3": [
        0.0029388716788163443,
        17.384615384614545
      ],
      "4": [
        0.003150163446935713,
        13.692300657789044
      ]
    },
    "4.0": {
      "0": [
        0.0033329739015898778,
        16.76923076922983
      ],
      "1": [
        0.003332973901589824,
        16.769230769229328
      ],
      "2": [
        0.0033329739015899714,
        16.769230769230713
      ],
      "3": [
        0.003399102998222426,
        17.384615384614612
      ],
      "4": [
        0.003512647091211779,
        13.692307692307264
      ]
    },
    "5.0": {
      "0": [
        0.003772677136102879,
        16.769230769230617
      ],
      "1": [
        0.0037726771361027596,
        16.769230769229715
      ],
      "2": [
        0.0037726771361028485,
        16.769230769230354
      ],
      "3": [
        0.0038549421312495764,
        17.38461538461469
      ],
      "4": [
        0.003871670833153514,
        13.69230769230727
      ]
    },
    "6.0": {
      "0": [
        0.004208223869485594,
        16.769230769229235
      ],
      "1": [
        0.004208223869485516,
        16.769230769228763
      ],
      "2": [
        0.004208223869485666,
        16.769230769229672
      ],
      "3": [
        0.004227300734723083,
        13.692307692307452
      ],
      "4": [
        0.0042273007347230435,
        13.692307692307189
      ]
    },
    "7.0": {
      "0": [
        0.004579600444950459,
        13.692307692306512
      ],
      "1": [
        0.004579600444950538,
        13.692307692306931
      ],
      "2": [
        0.004579600444950521,
        13.692307692306848
      ],
      "3": [
        0.004579600444950476,
        13.692307692306626
      ],
      "4": [
        0.004579600444950606,
        13.692307692307306
      ]
    },
    "8.0": {
      "0": [
        0.004928631838144191,
        13.692307692307528
      ],
      "1": [
        0.004928631838144216,
        13.692307692307661
      ],
      "2": [
        0.0049286318381442035,
        13.69230769230761
      ],
      "3": [
        0.0049286318381441254,
        13.692307692307221
      ],
      "4": [
        0.0049286311642756046,
        13.69230449671532
      ]
    },
    "9.0": {
      "0": [
        0.005274455079310667,
        13.692307692306985
      ],
      "1": [
        0.005274455079310822,
        13.692307692307635
      ],
      "2": [
        0.005274455079310819,
        13.692307692307635
      ],
      "3": [
        0.005274455079310702,
        13.692307692307152
      ],
      "4": [
        0.005274454203545348,
        13.692303983498075
      ]
    },
    "10.0": {
      "0": [
        0.005617128686528393,
        13.692307692307487
      ],
      "1": [
        0.005617128686528399,
        13.692307692307509
      ],
      "2": [
        0.005617128686528236,
        13.692307692306905
      ],
      "3": [
        0.005617128686528308,
        13.692307692307164
      ],
      "4": [
        0.005617128686528335,
        13.692307692307267
      ]
    },
    "_runtime_seconds": 40.06995368003845
  },
  "1": {
    "0.0": {
      "0": [
        0.0005103186727845,
        63.84615384615382
      ],
      "1": [
        0.0005103186727845,
        36.153846153845414
      ],
      "2": [
        0.001020637345569,
        32.15384615384612
      ],
      "3": [
        0.0015309560183535001,
        21.564102564102573
      ],
      "4": [
        0.002041274691138,
        17.57692307692313
      ]
    },
    "1.0": {
      "0": [
        0.0013952705918438967,
        32.461538461537955
      ],
      "1": [
        0.0013952705918438943,
        32.46153846153789
      ],
      "2": [
        0.0016287796596145508,
        22.307692307691745
      ],
      "3": [
        0.0020048876148165925,
        17.38461538461521
      ],
      "4": [
        0.0024145482494142387,
        13.692307692307628
      ]
    },
    "2.0": {
      "0": [
        0.0022309466610507434,
        22.307692307691084
      ],
      "1": [
        0.0022309466610507555,
        22.307692307691312
      ],
      "2": [
        0.0022309466610507703,
        22.307692307691568
      ],
      "3": [
        0.002474162588349607,
        17.384615384614236
      ],
      "4": [
        0.002784154202019925,
        13.692307692307509
      ]
    },
    "3.0": {
      "0": [
        0.002827254785985897,
        22.30769230769092
      ],
      "1": [
        0.002827254785985916,
        22.307692307691152
      ],
      "2": [
        0.002827254785985947,
        22.307692307691546
      ],
      "3": [
        0.0029388716788163443,
        17.384615384614545
      ],
      "4": [
        0.003150163446935713,
        13.692300657789044
      ]
    },
    "4.0": {
      "0": [
        0.0033329739015898778,
        16.76923076922983
      ],
      "1": [
        0.003332973901589824,
        16.769230769229328
      ],
      "2": [
        0.0033329739015899714,
        16.769230769230713
      ],
      "3": [
        0.003399102998222426,
        17.384615384614612
      ],
      "4": [
        0.003512647091211779,
        13.692307692307264
      ]
    },
    "5.0": {
      "0": [
        0.003772677136102879,
        16.769230769230617
      ],
      "1": [
        0.0037726771361027596,
        16.769230769229715
      ],
      "2": [
        0.0037726771361028485,
        16.769230769230354
      ],
      "3": [
        0.0038549421312495764,
        17.38461538461469
      ],
      "4": [
        0.003871670833153514,
        13.69230769230727
      ]
    },
    "6.0": {
      "0": [
        0.004208223869485594,
        16.769230769229235
      ],
      "1": [
        0.004208223869485516,
        16.769230769228763
      ],
      "2": [
        0.004208223869485666,
        16.769230769229672
      ],
      "3": [
        0.004227300734723083,
        13.692307692307452
      ],
      "4": [
        0.0042273007347230435,
        13.692307692307189
      ]
    },
    "7.0": {
      "0": [
        0.004579600444950459,
        13.692307692306512
      ],
      "1": [
        0.004579600444950538,
        13.692307692306931
      ],
      "2": [
        0.004579600444950521,
        13.692307692306848
      ],
      "3": [
        0.004579600444950476,
        13.692307692306626
      ],
      "4": [
        0.004579600444950606,
        13.692307692307306
      ]
    },