{
  "0": {
    "constant": {
      "0.0": {
        "0": [
          0.0005103186727845,
          41.763870623042244
        ],
        "1": [
          0.001020637345569,
          25.091367633163046
        ],
        "2": [
          0.002041274691138,
          18.565201624886427
        ],
        "3": [
          0.0028505311213074002,
          14.382116856409057
        ]
      },
      "1.0": {
        "0": [
          0.0014131046116920576,
          33.11572058008766
        ],
        "1": [
          0.0016357451308909262,
          22.563197616930573
        ],
        "2": [
          0.0024480148575038133,
          14.91991968147817
        ],
        "3": [
          0.003176588199718738,
          11.960327068115053
        ]
      },
      "2.0": {
        "0": [
          0.002236822978669313,
          22.416001054604354
        ],
        "1": [
          0.002244809164247499,
          22.563197616930573
        ],
        "2": [
          0.0028507585914743267,
          14.919919681478174
        ],
        "3": [
          0.0034994415987823504,
          11.960327068115047
        ]
      },
      "3.0": {
        "0": [
          0.0028360263105534998,
          22.416001054604344
        ],
        "1": [
          0.002847947215369654,
          22.563197616930573
        ],
        "2": [
          0.003249583768311559,
          14.919919681478175
        ],
        "3": [
          0.003819153746019563,
          11.960327068115047
        ]
      },
      "4.0": {
        "0": [
          0.003362934114441436,
          17.048034729987826
        ],
        "1": [
          0.003362934114441436,
          17.048034729987826
        ],
        "2": [
          0.0036445660079828727,
          14.919919681478177
        ],
        "3": [
          0.004135785261028997,
          11.960327068115047
        ]
      },
      "5.0": {
        "0": [
          0.0038099478216305905,
          17.048034729987826
        ],
        "1": [
          0.0038099478216305905,
          17.048034729987826
        ],
        "2": [
          0.004025038697694866,
          13.72147411847396
        ],
        "3": [
          0.004449395024652276,
          11.960327068115047
        ]
      },
      "6.0": {
        "0": [
          0.004252735922016767,
          17.048034729987826
        ],
        "1": [
          0.004252735922016767,
          17.048034729987826
        ],
        "2": [
          0.004381426137986148,
          13.72147411847396
        ],
        "3": [
          0.004760040244841347,
          11.960327068115047
        ]
      },
      "7.0": {
        "0": [
          0.00469137766381009,
          17.048034729987826
        ],
        "1": [
          0.00469137766381009,
          17.048034729987826
        ],
        "2": [
          0.0047344762931874505,
          13.72147411847396
        ],
        "3": [
          0.005067776519471729,
          11.960327068115047
        ]
      },
      "8.0": {
        "0": [
          0.005056602615838932,
          14.299165512316792
        ],
        "1": [
          0.005056602615838932,
          14.299165512316792
        ],
        "2": [
          0.00508425116940724,
          13.72147411847396
        ],
        "3": [
          0.005372657896186621,
          11.960327068115047
        ]
      },
      "9.0": {
        "0": [
          0.005417753115416538,
          14.299165512316792
        ],
        "1": [
          0.005417753115416538,
          14.299165512316792
        ],
        "2": [
          0.005430811059814178,
          13.721474118478248
        ],
        "3": [
          0.0056734393368295145,
          11.059647482380912
        ]
      },
      "10.0": {
        "0": [
          0.005774214607130911,
          13.721474118473957
        ],
        "1": [
          0.005774214607130911,
          13.72147411847396
        ],
        "2": [
          0.00577421460713091,
          13.72147411847396
        ],
        "3": [
          0.005950226083264645,
          11.059647482380914
        ]
      }
    },
    "V": {
      "0.0": {
        "0": [
          0.000360849794092,
          61.03602288202575
        ],
        "1": [
          0.001020637345569,
          32.55690420318638
        ],
        "2": [
          0.0015309560183535001,
          17.29318988323035
        ],
        "3": [
          0.0021907435698304,
          15.582193743178935
        ]
      },
      "1.0": {
        "0": [
          0.0013360895836536874,
          30.29067863041742
        ],
        "1": [
          0.0016002496456970915,
          21.26116297186722
        ],
        "2": [
          0.001971393662957234,
          16.156000379556936
        ],
        "3": [
          0.0025470097270580048,
          13.068447354383236
        ]
      },
      "2.0": {
        "0": [
          0.002153746868448571,
          30.290678630417432
        ],
        "1": [
          0.002174166955350939,
          21.26116297186723
        ],
        "2": [
          0.0024075037800223623,
          16.156000379556936
        ],
        "3": [
          0.0028997753851221827,
          13.068447354383219
        ]
      },
      "3.0": {
        "0": [
          0.0027425002482269535,
          21.26116297186723
        ],
        "1": [
          0.0027425002482269535,
          21.26116297186723
        ],
        "2": [
          0.0028393706965955255,
          16.156000379556936
        ],
        "3": [
          0.0032491087554331667,
          13.068447354383226
        ]
      },
      "4.0": {
        "0": [
          0.003250706681148777,
          16.003667887111135
        ],
        "1": [
          0.003250706681148778,
          16.003667887111135
        ],
        "2": [
          0.0032670762975827647,
          16.156000379556932
        ],
        "3": [
          0.0035950760739750275,
          13.068447354383236
        ]
      },
      "5.0": {
        "0": [
          0.0036703362175819587,
          16.003667887111135
        ],
        "1": [
          0.0036703362175819587,
          16.003667887111135
        ],
        "2": [
          0.003690700119178551,
          16.156000379556936
        ],
        "3": [
          0.003937741676879589,
          13.068447354383238
        ]
      },
      "6.0": {
        "0": [
          0.004085999008934699,
          16.003667887111135
        ],
        "1": [
          0.004085999008934699,
          16.003667887111135
        ],
        "2": [
          0.004110319437839305,
          16.156000379556936
        ],
        "3": [
          0.004277168072396334,
          13.068447354383244
        ]
      },
      "7.0": {
        "0": [
          0.004497769448652082,
          16.003667887111135
        ],
        "1": [
          0.004497769448652082,
          16.003667887111135
        ],
        "2": [
          0.004511599182849647,
          13.32549338458773
        ],
        "3": [
          0.004613416009525279,
          13.068447354383238
        ]
      },
      "8.0": {
        "0": [
          0.004851280091687755,
          13.32549338458773
        ],
        "1": [
          0.004851280091687755,
          13.32549338458773
        ],
        "2": [
          0.004851280091687755,
          13.325493384587729
        ],
        "3": [
          0.004946544543405622,
          13.068447354383236
        ]
      },
      "9.0": {
        "0": [
          0.005187838794278937,
          13.32549338458773
        ],
        "1": [
          0.005187838794278937,
          13.325493384587729
        ],
        "2": [
          0.005187838794278935,
          13.325493384587729
        ],
        "3": [
          0.005274860520549968,
          11.532858473749329
        ]
      },
      "10.0": {
        "0": [
          0.0055213322410130015,
          13.32549338458773
        ],