{"3": {"4": {"[[1.0, 0.0, 0.0], [0.0, 1.0, 0.0], [0.0, 0.0, 1.0], [0.0, 1.0, 1.0]]": {"default": [0.007776822663587194, 15.71769094467163]}, "[[1.0, 0.0, 0.0], [0.0, 1.0, 0.0], [0.0, 0.0, 1.0], [1.0, 0.0, 1.0]]": {"default": [0.011194496020576306, 18.13565158843994]}, "[[1.0, 0.0, 0.0], [0.0, 1.0, 0.0], [0.0, 0.0, 1.0], [1.0, 1.0, 0.0]]": {"default": [0.007347951610977907, 12.298876762390137]}, "[[1.0, 0.0, 0.0], [0.0, 1.0, 0.0], [0.0, 0.0, 1.0], [1.0, 1.0, 1.0]]": {"default": [0.01222210027811663, 1.8744359016418457]}}, "5": {"[[1.0, 0.0, 0.0], [0.0, 1.0, 0.0], [0.0, 0.0, 1.0], [0.0, 1.0, 1.0], [1.0, 0.0, 1.0]]": {"default": [0.014097251230528247, 175.23753261566162]}, "[[1.0, 0.0, 0.0], [0.0, 1.0, 0.0], [0.0, 0.0, 1.0], [0.0, 1.0, 1.0], [1.0, 1.0, 0.0]]": {"default": [0.01125263490209804, 836.1213364601135]}, "[[1.0, 0.0, 0.0], [0.0, 1.0, 0.0], [0.0, 0.0, 1.0], [0.0, 1.0, 1.0], [1.0, 1.0, 1.0]]": {"default": [0.01222210027811663, 3.1553218364715576]}, "[[1.0, 0.0, 0.0], [0.0, 1.0, 0.0], [0.0, 0.0, 1.0], [1.0, 0.0, 1.0], [1.0, 1.0, 0.0]]": {"default": [0.011537835001002484, 261.15170764923096]}}, "6": {"[[1.0, 0.0, 0.0], [0.0, 1.0, 0.0], [0.0, 0.0, 1.0], [0.0, 1.0, 1.0], [1.0, 0.0, 1.0], [1.0, 1.0, 0.0]]": {"default": [0.013387632740303372, 3167.5304548740387]}, "[[1.0, 0.0, 0.0], [0.0, 1.0, 0.0], [0.0, 0.0, 1.0], [0.0, 1.0, 1.0], [1.0, 0.0, 1.0], [1.0, 1.0, 1.0]]": {"default": [0.01222210027811663, 3.1434693336486816]}, "[[1.0, 0.0, 0.0], [0.0, 1.0, 0.0], [0.0, 0.0, 1.0], [0.0, 1.0, 1.0], [1.0, 1.0, 0.0], [1.0, 1.0, 1.0]]": {"default": [0.01222210027811663, 3.02864933013916]}, "[[1.0, 0.0, 0.0], [0.0, 1.0, 0.0], [0.0, 0.0, 1.0], [1.0, 0.0, 1.0], [1.0, 1.0, 0.0], [1.0, 1.0, 1.0]]": {"default": [0.009801639546780067, 3.264178514480591]}}}, "4": {"5": {"[[1.0, 0.0, 0.0, 0.0], [0.0, 1.0, 0.0, 0.0], [0.0, 0.0, 1.0, 0.0], [0.0, 0.0, 0.0, 1.0], [0.0, 0.0, 1.0, 1.0]]": {"default": [0.006865498763292153, 867.9865369796753]}, "[[1.0, 0.0, 0.0, 0.0], [0.0, 1.0, 0.0, 0.0], [0.0, 0.0, 1.0, 0.0], [0.0, 0.0, 0.0, 1.0], [0.0, 1.0, 0.0, 1.0]]": {"default": [0.006385100040273636, 1058.5939033031464]}, "[[1.0, 0.0, 0.0, 0.0], [0.0, 1.0, 0.0, 0.0], [0.0, 0.0, 1.0, 0.0], [0.0, 0.0, 0.0, 1.0], [0.0, 1.0, 1.0, 0.0]]": {"default": [0.006673395028701341, 1716.3020532131195]}, "[[1.0, 0.0, 0.0, 0.0], [0.0, 1.0, 0.0, 0.0], [0.0, 0.0, 1.0, 0.0], [0.0, 0.0, 0.0, 1.0], [0.0, 1.0, 1.0, 1.0]]": {"default": [0.010574237740448838, 13.050209999084473]}}, "6": {"[[1.0, 0.0, 0.0, 0.0], [0.0, 1.0, 0.0, 0.0], [0.0, 0.0, 1.0, 0.0], [0.0, 0.0, 0.0, 1.0], [0.0, 0.0, 1.0, 1.0], [0.0, 1.0, 0.0, 1.0]]": {"default": [0.011970770371720486, 761.8725483417511]}, "[[1.0, 0.0, 0.0, 0.0], [0.0, 1.0, 0.0, 0.0], [0.0, 0.0, 1.0, 0.0], [0.0, 0.0, 0.0, 1.0], [0.0, 0.0, 1.0, 1.0], [0.0, 1.0, 1.0, 0.0]]": {"default": [0.010442284154177884, 792.7217574119568]}, "[[1.0, 0.0, 0.0, 0.0], [0.0, 1.0, 0.0, 0.0], [0.0, 0.0, 1.0, 0.0], [0.0, 0.0, 0.0, 1.0], [0.0, 0.0, 1.0, 1.0], [0.0, 1.0, 1.0, 1.0]]": {"default": [0.010574237740448838, 4.750566720962524]}, "[[1.0, 0.0, 0.0, 0.0], [0.0, 1.0, 0.0, 0.0], [0.0, 0.0, 1.0, 0.0], [0.0, 0.0, 0.0, 1.0], [0.0, 0.0, 1.0, 1.0], [1.0, 0.0, 0.0, 1.0]]": {"default": [0.009196902512488683, 496.1001946926117]}}, "7": {"[[1.0, 0.0, 0.0, 0.0], [0.0, 1.0, 0.0, 0.0], [0.0, 0.0, 1.0, 0.0], [0.0, 0.0, 0.0, 1.0], [0.0, 0.0, 1.0, 1.0], [0.0, 1.0, 0.0, 1.0], [0.0, 1.0, 1.0, 0.0]]": {"default": [0.014444514875159747, 4480.1212112903595]}, "[[1.0, 0.0, 0.0, 0.0], [0.0, 1.0, 0.0, 0.0], [0.0, 0.0, 1.0, 0.0], [0.0, 0.0, 0.0, 1.0], [0.0, 0.0, 1.0, 1.0], [0.0, 1.0, 0.0, 1.0], [0.0, 1.0, 1.0, 1.0]]": {"default": [0.010155563724639431, 11.429458856582642]}, "[[1.0, 0.0, 0.0, 0.0], [0.0, 1.0, 0.0, 0.0], [0.0, 0.0, 1.0, 0.0], [0.0, 0.0, 0.0, 1.0], [0.0, 0.0, 1.0, 1.0], [0.0, 1.0, 0.0, 1.0], [1.0, 0.0, 0.0, 1.0]]": {"default": [0.01112447687475406, 15164.820016860962], "[[8], [9], [10], [11]]": {"default": [0.011315756787798495, 89.66257858276367]}}, "[[1.0, 0.0, 0.0, 0.0], [0.0, 1.0, 0.0, 0.0], [0.0, 0.0, 1.0, 0.0], [0.0, 0.0, 0.0, 1.0], [0.0, 0.0, 1.0, 1.0], [0.0, 1.0, 0.0, 1.0], [1.0, 0.0, 1.0, 0.0]]": {"default": [0.0076360599167525495, 29.962590217590332]}}, "8": {"[[1.0, 0.0, 0.0, 0.0], [0.0, 1.0, 0.0, 0.0], [0.0, 0.0, 1.0, 0.0], [0.0, 0.0, 0.0, 1.0], [0.0, 0.0, 1.0, 1.0], [0.0, 1.0, 0.0, 1.0], [0.0, 1.0, 1.0, 0.0], [0.0, 1.0, 1.0, 1.0]]": {"default": [0.0072148951086743116, 23.665285348892212]}, "[[1.0, 0.0, 0.0, 0.0], [0.0, 1.0, 0.0, 0.0], [0.0, 0.0, 1.0, 0.0], [0.0, 0.0, 0.0, 1.0], [0.0, 0.0, 1.0, 1.0], [0.0, 1.0, 0.0, 1.0], [0.0, 1.0, 1.0, 0.0], [1.0, 0.0, 0.0, 1.0]]": {"default": [0.013495068290853243, 18.49538254737854]}, "[[1.0, 0.0, 0.0, 0.0], [0.0, 1.0, 0.0, 0.0], [0.0, 0.0, 1.0, 0.0], [0.0, 0.0, 0.0, 1.0], [0.0, 0.0, 1.0, 1.0], [0.0, 1.0, 0.0, 1.0], [0.0, 1.0, 1.0, 0.0], [1.0, 0.0, 1.0, 0.0]]": {"default": [0.01182813744481825, 28.025288105010986]}, "[[1.0, 0.0, 0.0, 0.0], [0.0, 1.0, 0.0, 0.0], [0.0, 0.0, 1.0, 0.0], [0.0, 0.0, 0.0, 1.0], [0.0, 0.0, 1.0, 1.0], [0.0, 1.0, 0.0, 1.0], [0.0, 1.0, 1.0, 0.0], [1.0, 0.0, 1.0, 1.0]]": {"default": [0.020477691717643486, 140.50572538375854]}, "[[1.0, 0.0, 0.0, 0.0], [0.0, 1.0, 0.0, 0.0], [0.0, 0.0, 1.0, 0.0], [0.0, 0.0, 0.0, 1.0], [0.0, 0.0, 1.0, 1.0], [0.0, 1.0, 0.0, 1.0], [1.0, 0.0, 0.0, 1.0], [1.0, 1.0, 1.0, 1.0]]": {"default": [0.014656405758015016, 1.5577068328857422]}}}, "5": {"6": {"[[1.0, 0.0, 0.0, 0.0, 0.0], [0.0, 1.0, 0.0, 0.0, 0.0], [0.0, 0.0, 1.0, 0.0, 0.0], [0.0, 0.0, 0.0, 1.0, 0.0], [0.0, 0.0, 0.0, 0.0, 1.0], [0.0, 0.0, 0.0, 1.0, 1.0]]": {"default": [0.005391456275936091, 3960.678320169449]}, "[[1.0, 0.0, 0.0, 0.0, 0.0], [0.0, 1.0, 0.0, 0.0, 0.0], [0.0, 0.0, 1.0, 0.0, 0.0], [0.0, 0.0, 0.0, 1.0, 0.0], [0.0, 0.0, 0.0, 0.0, 1.0], [0.0, 0.0, 1.0, 0.0, 1.0]]": {"default": [0.005174014621787426, 648.3314392566681]}, "[[1.0, 0.0, 0.0, 0.0, 0.0], [0.0, 1.0, 0.0, 0.0, 0.0], [0.0, 0.0, 1.0, 0.0, 0.0], [0.0, 0.0, 0.0, 1.0, 0.0], [0.0, 0.0, 0.0, 0.0, 1.0], [0.0, 0.0, 1.0, 1.0, 0.0]]": {"default": [0.005681230663461589, 9598.504018068314]}, "[[1.0, 0.0, 0.0, 0.0, 0.0], [0.0, 1.0, 0.0, 0.0, 0.0], [0.0, 0.0, 1.0, 0.0, 0.0], [0.0, 0.0, 0.0, 1.0, 0.0], [0.0, 0.0, 0.0, 0.0, 1.0], [0.0, 0.0, 1.0, 1.0, 1.0]]": {"default": [0.00592702224814453, 63.18484354019165]}}}}